book_id;author_id
1;1
1;2
1;3
2;4
3;5
5;4
6;7
7;8
8;5
9;3
10;12
11;13
13;7
21;3
399;1084
2657;4068
4080;1665
2606;3663
4493;3656
357;4916
1174;2473
4596;2116
2032;2235
3392;1632
176;2257
3489;1790
72;2098
4586;2079
3802;4280
1740;130
3495;2978
1208;4639
1284;128
2711;4135
4399;2938
3512;4685
3736;3266
414;892
4217;4962
3012;2513
4922;2904
298;958
599;4392
1766;3548
911;4163
2878;2271
836;541
1846;692
2159;2816
2004;4806
616;3828
4578;2650
3571;1366
4540;3464
3669;4340
2726;499
1120;433
1386;3315
1353;3222
4187;3004
4759;3496
1890;4789
1981;4800
2098;829
4081;1039
1098;4363
621;1067
2346;2397
3238;4943
1522;1237
4883;1680
2869;1210
3634;4277
2948;224
1369;3846
4504;3475
3091;4728
2832;2745
4239;3107
4832;2067
4680;2910
3381;4908
1295;483
4942;1687
2859;4814
2840;4119
943;3888
1038;4254
2477;4776
224;2696
2032;4663
4175;2083
427;4418
2694;799
896;4894
4216;4452
3802;2862
1022;1570
927;1630
4640;3373
1824;2458
4739;1235
4505;1827
3821;1294
3526;2894
2454;2458
455;4088
2716;766
1366;3327
4147;4894
1731;4372
4085;608
2680;1725
1941;4508
1461;3920
4879;2181
2942;3849
3426;910
215;3876
3000;2678
732;3562
297;4916
3705;4104
1009;292
585;7
2838;2084
3395;1852
2380;3975
4776;3342
4614;1308
2329;1037
4216;1050
2007;4640
3957;704
410;2016
1502;4715
1379;4162
3009;3111
4273;3634
66;4372
2191;3025
926;4778
4843;948
3830;4083
1356;2877
4011;4328
2774;626
3769;2210
621;1623
1768;376
3722;1234
4124;4017
367;1510
3853;1803
1727;3783
3058;3954
2709;3827
1634;177
199;2783
2760;4350
2742;2961
4257;1430
552;3014
3132;4791
4653;3321
661;576
3364;3655
3045;2256
3256;41
66;4618
2690;4894
3213;3871
3805;467
262;2425
1404;442
3168;2776
3213;4105
384;521
1210;3820
2063;223
567;4721
1558;1233
2486;3358
3855;1941
1051;3647
115;4649
3094;289
2231;4257
4436;4149
884;1108
2760;2652
2254;1715
3662;1910
1471;782
488;4556
418;3227
3880;4777
748;3055
2030;4250
2275;3195
879;1576
3402;2339
2164;3641
600;4811
4098;4176
3500;2255
2626;4979
4805;1231
3098;1
2897;2935
4048;1679
297;984
4199;2535
1948;1229
3178;2320
4866;1707
2180;2193
3305;4225
936;2319
2352;925
4311;3264
3909;4925
4178;1071
4834;3878
2644;4539
4527;4831
4313;4131
3863;3659
89;2282
646;3799
25;349
3886;1352
21;4485
3180;4005
2402;1838
1790;1810
1191;560
4779;3515
1218;3640
1641;3909
1932;1747
1630;2851
4781;3951
1023;4987
4332;2528
4710;914
4282;3508
2429;1618
2219;1661
225;2000
4041;3257
3217;1471
3883;2794
545;2209
4205;4357
289;3227
2274;2370
4869;456
4392;3490
666;2441
3603;2831
2485;1785
4474;3330
4900;4082
277;1372
837;2273
2880;4409
3489;313
4377;1454
2381;4683
1535;364
3522;1358
4365;2845
139;4403
4403;2188
573;1459
1737;3988
1898;4063
3857;3338
1171;1617
4073;3666
2366;1455
2257;1151
470;3389
919;1103
3221;427
4094;327
2251;3219
2789;460
368;1744
824;4993
3698;3296
3245;4865
2296;1349
507;1939
3790;3480
195;4767
2071;272
4992;2310
2732;3793
3749;1293
4227;4565
363;787
3647;1633
3664;1335
1164;1764
2407;3772
1056;1513
343;2336
1306;2846
578;4562
2705;3205
762;1145
560;3376
4307;4780
1333;1246
1728;3742
1279;2577
359;1400
395;2217
3410;3331
749;2542
2127;3640
1276;2608
3414;898
1042;4539
3601;1023
134;3259
2515;1166
3860;4724
3812;3117
2924;3137
1382;3266
2284;4330
374;334
1883;501
193;1639
4797;1291
4212;525
3343;3573
577;3171
4338;4261
3934;4387
1005;1236
3475;4450
99;853
4486;2747
997;2819
3699;3649
421;3586
699;2976
58;137
1822;3324
456;2961
1556;4570
1291;4665
4001;3207
635;3538
4330;3630
3338;4641
446;1033
3324;3933
29;4348
1000;3281
3296;2454
1441;2141
937;2430
3505;923
3098;770
2908;3527
352;4380
3358;3022
190;1919
3480;241
720;4431
32;2451
3013;3197
893;930
322;190
1031;1226
2666;467
66;4331
2663;808
4499;4685
2487;3302
3650;1446
2297;686
510;2196
1670;2750
1689;3686
4676;3381
3516;2596
2925;544
1302;3627
2625;361
884;3547
139;4226
3284;803
4487;199
887;1494
153;4083
4178;2151
4654;3134
1343;626
3611;680
3072;2017
3460;2654
2341;4340
3116;442
1019;1788
3762;774
1548;4838
985;1917
3191;4706
4965;2956
3820;2928
1449;624
2521;1021
1050;1503
736;1008
88;1820
3647;4839
3818;804
2054;373
4713;464
3604;4956
2342;971
4484;3682
3699;713
3922;3981
4080;748
3475;4268
4583;2281
1823;58
4138;1912
4073;3441
1980;595
3970;10
2487;2380
42;1561
1507;1394
2427;1864
2228;1334
239;1548
2796;720
956;4496
2074;2109
2111;3178
1128;1885
3752;938
1416;329
2964;4934
4256;4293
398;2249
2870;3106
1399;4754
641;3221
3418;4787
1566;3166
2769;3975
4995;4468
2014;1102
2266;396
962;3709
955;230
2644;2880
3901;1668
3505;2633
3548;3564
923;2716
3241;3056
3418;3728
2668;3573
2903;4816
3687;3663
11;3228
251;2497
4292;2715
3322;4428
1910;4739
2849;4406
688;2144
3582;3507
235;2398
3224;2766
3339;1159
236;2427
2317;678
2175;50
2445;4646
2841;4892
56;1464
1405;1303
2320;3708
2372;4044
1028;3803
631;3427
2569;4899
4551;2982
2901;530
4208;190
4261;4318
4477;3679
706;4847
4751;2237
1707;2019
1616;220
3938;3102
3960;2230
3084;3506
2248;4402
1405;4336
2307;1903
4516;1965
4206;1201
2849;1840
2179;871
2717;2529
2984;22
4581;835
1522;4686
4249;2457
1205;489
2865;2796
438;4779
1036;1081
2146;2909
1599;4855
4855;523
3357;2284
4994;4406
625;2758
3521;3247
2698;4313
4391;3185
1874;500
2588;3324
1017;3813
2129;1617
361;609
1936;870
2356;4882
1953;1438
2308;3879
3791;1719
3791;4108
3685;4636
2962;3478
3230;3364
4424;3995
597;2702
1563;2873
3491;2142
1031;3372
1994;4634
481;2430
3850;2648
2005;1147
1034;4703
2866;2991
1854;1193
4045;3538
1690;2720
482;1993
2025;854
449;3235
993;2208
4129;4961
3144;2028
2227;637
4890;3757
3870;2521
4661;1679
1266;1523
4334;4224
352;2514
680;4772
4781;1950
3108;1203
3475;2204
2486;4597
2753;3608
3871;3835
2050;1525
1829;1807
2026;786
4299;489
3533;3879
4878;2871
3503;3305
2336;386
3336;4190
1631;4256
267;3288
4877;3988
3361;3313
58;3846
492;65
4137;2258
4271;829
2144;2973
894;1093
3750;244
3652;1847
1196;2883
1522;1686
3118;662
4826;3323
2123;3550
4405;3057
2253;2628
3350;3296
4921;3188
1777;3029
1621;1385
2601;4223
587;3769
456;2603
1174;2067
1652;1925
4676;2123
1429;2645
662;1313
3050;448
4380;3546
1069;2312
2646;3695
4814;4275
4185;2422
1661;4289
2769;1059
618;2829
2285;1536
139;4542
501;335
909;4350
3261;2922
4585;979
1637;1835
3392;1785
3779;4410
2661;839
4043;1081
1903;2971
3331;2312
2997;3681
1208;1949
209;1959
4018;875
1868;4125
1035;4879
1029;4579
2744;4265
4450;1418
1497;1900
4544;323
1433;2838
4756;4913
4689;3600
4220;3212
2529;1992
3007;3838
4921;1718
3035;973
4770;1351
3019;2927
2673;4326
212;2842
57;3531
2165;1580
4904;2808
2399;4669
1888;2346
1044;4235
2235;4188
2868;2863
1090;3413
1174;382
2883;581
4475;87
3152;3703
3335;876
4160;2941
1280;2042
1218;1984
2827;2641
466;2182
3762;731
4306;172
1676;342
4096;4612
843;1132
3845;2739
4705;962
3281;3970
2018;3879
2899;2400
2347;609
3409;3113
2218;4291
3546;601
4615;1060
35;919
3902;214
3551;4452
2450;163
1662;2162
3502;1609
2728;1159
3922;4597
1224;3507
3332;3380
298;4661
2878;171
609;4760
1019;3626
1310;984
4170;3849
1593;3768
3349;3351
3470;2879
2440;3957
4678;1103
52;237
1714;707
4413;4554
2397;1031
1476;3195
2427;1520
3372;1711
61;4989
3387;123
1610;4615
3965;3684
1321;1072
2270;1112
1979;2060
1845;496
874;2196
1823;98
2060;920
659;1079
255;3212
440;3569
3995;3546
3812;4314
4318;683
2357;1095
446;1672
863;4710
2383;2149
667;791
2422;1544
3137;3316
1155;3620
3082;91
2524;2255
3392;1555
1201;1513
1143;180
2396;1088
3191;2468
903;1546
1354;2277
1051;4702
195;2144
2446;1512
2403;601
3406;2351
1972;3570
2717;3768
4966;3916
497;504
3518;981
2529;3477
2291;4847
4170;2515
4274;449
2080;480
4341;4727
4572;15
1337;4689
50;3708
1887;2978
2337;1816
4221;3802
3082;1583
4417;766
2737;1873
600;3211
3235;4689
996;557
4469;3823
4660;1315
3203;127
2642;4492
2275;1616
3737;369
4791;4220
2478;1215
2641;205
2839;4005
4797;4403
894;3543
2834;4521
1920;1024
3228;843
2872;525
2080;1562
2197;2758
2380;3452
3612;184
3811;2600
2709;4935
4976;3969
4324;2459
4654;2913
476;988
2267;2577
4333;859
1515;3480
1988;1948
3573;2527
4393;2057
1106;1588
4999;739
4010;2324
3907;494
623;3742
1375;2976
2220;2508
3889;1651
3922;2588
1333;2417
1549;3286
2691;1268
3620;3111
3726;4696
1025;1315
2336;1865
2093;1125
1559;4973
3279;1648
1490;3014
4494;1291
1262;2823
1251;1239
4843;3132
2470;4507
2220;2990
186;3992
973;102
3490;1767
35;4377
1575;759
2854;1277
597;2504
2340;1803
4778;1167
1407;2575
1171;1039
4094;3128
932;4967
926;696
3978;770
4315;3127
2001;2123
1156;146
306;2436
2691;3016
2267;2617
3563;4861
3714;2912
2903;1779
590;3244
4736;1611
3209;3877
1774;544
1397;4343
3311;4473
3184;4437
386;4990
4281;1184
2815;1694
2169;3488
760;362
143;2329
2387;1999
1673;3695
3654;4477
251;3131
950;4378
502;1319
194;446
1027;3389
3871;242
876;3949
4166;3825
911;4830
794;2745
4784;2131
115;1441
2268;31
3815;1518
3899;1400
779;728
4113;1807
583;146
2884;3408
916;3281
2053;3382
2609;3891
421;2249
3330;1013
2601;3383
1365;2366
4542;753
2002;1117
4256;4699
4201;906
1731;2269
778;3109
2512;1419
2113;1744
2813;674
4086;935
4398;2934
2381;3191
89;1873
102;836
455;405
958;4708
3202;2021
2975;4660
4216;2756
4054;3796
1446;668
331;879
2146;1712
2633;66
1421;4625
1875;4785
2613;1944
939;3970
3751;376
3006;2627
4440;3428
457;1141
207;4888
1278;4909
4834;4835
1920;1457
928;41
221;3518
4348;1703
2176;931
665;1168
4996;392
2478;2533
4445;3247
4887;799
177;4982
83;1463
2178;2804
53;501
753;2403
1958;4601
4351;1858
3172;179
4089;3894
1653;6
1517;2841
1588;3732
1340;3038
2002;2855
3825;4015
3218;4564
3787;1782
2114;1321
1517;3800
1415;3924
1079;1226
4505;4452
2714;3737
4068;3925
1149;4663
1219;2233
2768;957
125;3559
3459;1401
2378;4589
977;1813
611;4594
4983;3456
2567;2504
3218;2905
2914;2976
4365;1995
3629;2766
4920;4725
3161;1902
897;1676
3573;2065
2561;2566
1087;4238
1966;1471
2332;746
4941;3508
2207;2577
4536;4792
2796;1364
3334;2854
1194;2258
1664;4435
4615;872
1253;1285
2248;4522
3053;3730
2077;3083
852;4116
1031;1332
776;2476
2765;532
72;1635
2589;430
2923;4753
2086;1482
4088;3821
2829;270
3516;3067
1645;4705
2458;4286
3552;1747
1963;2942
3839;3783
4149;122
1881;1230
3991;153
2963;1270
3475;4057
1522;2285
1280;4285
635;2043
2978;1023
4868;2126
4567;2918
1719;1991
4636;2421
4965;4580
1902;2055
2769;2156
3566;3029
469;3360
4285;2632
1821;3061
4320;1521
1691;3569
1787;3906
138;3003
14;4554
634;652
1480;4530
1834;589
664;2540
2525;1048
2389;2135
1889;3020
2790;4417
1962;3794
2377;219
3737;3634
4803;3555
948;1288
3310;427
4191;1700
1839;1606
262;738
4219;2057
428;180
3324;444
3055;913
4950;1875
3964;1831
1333;2715
3727;4884
3001;3492
604;2420
4189;775
85;4602
1242;2834
4346;2302
4957;3863
3230;3341
3603;254
4145;4191
3361;3642
3893;4338
1626;3378
225;4493
4356;4059
4356;3154
426;1076
1511;4662
3312;4370
1935;1343
3309;2438
324;4012
840;1611
4977;2608
3230;35
484;3632
4979;1020
4404;2777
3366;4781
4836;1279
4590;41
3003;1582
2793;4894
4765;3768
1399;2839
486;235
1172;4312
3526;3292
1554;1956
1753;3266
598;4743
604;3898
360;3966
2466;4116
1138;4259
1675;4038
3001;1898
476;239
3221;1252
914;2045
2791;4431
1138;3872
625;4297
2780;2002
2332;3930
442;2119
2171;1971
280;2484
4788;4816
4590;4841
283;595
2915;879
2074;3262
1266;3065
1930;2771
3004;3192
3213;3345
1165;1026
2772;508
3110;1032
2060;3703
514;616
2935;3828
1303;4428
4965;2975
2836;4192
2062;2346
1827;501
1978;4379
3027;534
862;3772
3633;1538
4086;4589
4018;4796
97;4879
4005;1644
1266;4452
984;4375
258;2951
2374;4908
1949;1530
4136;4358
2841;1947
2362;4702
2547;1714
2154;324
3952;759
402;2039
3313;183
1667;4433
2879;268
1116;2130
4671;3394
2387;4208
2199;433
1592;1668
4850;4305
4049;2921
4231;2450
556;391
4281;1428
3785;798
4714;3606
4261;60
465;4184
1479;309
4852;1401
1398;1453
240;4158
704;3131
2274;234
3524;1663
2589;2784
2544;976
3976;2380
539;4548
3620;543
4421;1927
2871;4015
690;811
514;1580
3719;2638
1749;670
2268;3390
2785;2377
2430;4871
2629;1593
1452;2185
4922;1231
1136;4846
1021;4422
2546;4918
3012;1184
3803;1184
3541;1998
3401;3324
4586;497
2953;95
170;3469
2933;4947
2914;2119
2459;3103
3179;304
2207;445
3556;1624
707;3674
2969;881
2616;2310
3194;3252
497;2143
4863;3873
2759;2601
3402;717
3278;275
4306;146
2292;2643
2443;916
2402;2314
519;2444
3493;2416
2188;3807
1851;905
1055;1601
3083;1233
4494;3261
1893;2308
3032;1405
4862;3724
4396;2611
916;2179
1766;4913
4903;2602
2449;751
3210;166
2986;3666
3558;2627
412;3326
1215;1535
4765;370
4853;2029
2080;2879
1850;4949
1662;4042
266;2702
4095;4602
3556;3705
3516;1645
4054;4958
498;4824
2748;4276
1279;291
478;916
1586;4822
2555;2236
274;3215
3350;739
71;2231
1491;682
2003;3559
2637;492
4920;4349
2856;455
3777;1022
1402;2278
205;1827
1965;554
503;1246
3763;1236
3501;208
3251;2795
2808;4077
2006;2354
1850;1664
1836;615
3874;548
4787;4690
4182;3420
3350;3232
1201;4488
4732;1231
1748;1073
922;2239
1615;4372
4379;2288
2240;2428
2688;4428
2321;664
3522;4748
4754;3523
4493;4943
1883;884
1913;4876
3897;2544
1858;3177
260;3145
3047;2689
4509;2232
2273;4872
195;576
2577;310
4637;2072
2532;866
4981;2129
2242;4344
936;934
1496;2798
4364;3598
2981;4509
2697;3596
2030;1547
1565;3305
2;4741
4694;87
3649;343
4037;4688
1730;1503
119;1420
492;1069
1495;4326
3062;3965
1782;2583
701;4374
2460;845
244;4754
3117;2055
2893;785
488;4873
1930;3393
2955;391
3873;1301
1607;3879
34;4794
4092;4371
335;1053
4377;1267
377;2860
3566;4242
75;743
3254;2727
1505;342
4535;3246
2275;4942
567;3281
1509;3275
654;1114
4145;3063
2590;4017
3202;4303
3793;4716
345;2582
3437;4829
585;4737
4320;253
4530;3538
1289;3165
3307;1292
4250;4470
2307;4085
1117;2704
1338;2545
3481;1282
111;559
2851;2892
4221;1500
2631;2296
4950;3050
3835;4638
2488;4793
507;654
4948;1583
3928;2390
4951;2955
813;2558
2699;823
765;3376
3962;4943
2964;4045
1601;1904
4243;1349
4965;3378
127;1910
713;21
2316;4805
3672;2193
2367;1493
4818;4933
561;1099
2233;3493
4980;850
4606;3235
3302;1717
1965;2430
4386;1275
961;2582
4066;2311
4972;2975
4619;2537
4571;1255
1851;2108
2464;3615
1911;2267
1365;3468
1607;3115
1046;3992
1414;2615
264;1496
2004;2220
2658;205
3924;490
4060;164
102;414
124;1944
2655;3170
4226;405
1468;1976
4366;3920
4530;4460
992;270
637;4380
2605;2008
4315;1834
1926;4941
3548;858
1346;4349
1754;229
3581;4391
1483;3666
1815;698
1646;1397
853;2345
109;2166
2455;2457
4193;3689
1269;830
688;4594
2713;529
4069;3242
4836;518
2476;1597
2490;1502
1954;1980
1524;3162
2529;1229
4898;1198
2442;3607
3164;2820
3433;642
2063;1683
4676;515
1989;3929
688;2158
38;4003
3968;1752
1258;888
3451;1457
1683;4602
3504;3884
1901;3427
2300;4547
4343;3405
390;684
2988;2694
4234;2892
3082;898
1849;2625
3835;2230
3176;4434
4083;2276
4409;1506
4021;4900
2150;325
2856;400
2714;1909
4885;3277
3770;2260
2290;3489
678;1261
4783;3077
2791;4500
1978;3395
3401;493
615;4655
2402;3622
2497;2728
952;2479
3907;1637
870;3201
1883;231
1098;430
4667;140
709;4329
1516;2336
54;3337
1764;3054
2096;112
4848;1845
3432;599
2251;1649
885;2900
919;2433
2376;108
2092;2743
277;4013
4477;2044
345;3619
4654;3777
3485;3702
2331;1199
684;3561
4056;750
1904;1247
4089;4693
3023;3563
1105;2158
4616;1679
2962;1107
4578;2592
2539;4822
3045;1366
1714;3527
1253;4338
2449;2515
3616;4077
3450;2829
70;1724
2614;129
1676;598
2747;1537
2847;371
3759;1580
4884;438
1488;3348
740;1549
2378;3528
3297;2653
4044;1139
4217;2623
1394;1445
2097;4572
281;123
3477;1231
371;2661
2433;1839
1513;2826
2192;4806
2866;287
3871;1690
4757;2964
4364;2489
4114;3641
507;3205
1436;4536
4402;4292
56;2652
1348;104
4573;707
2397;3948
4784;4166
4109;4161
2583;434
4894;2721
2096;4905
2318;2751
4720;2302
4322;1142
4183;1652
3729;4089
2592;189
4763;4297
3130;3907
4804;3537
1425;1060
3044;4729
4460;4463
4440;138
566;1527
1624;3189
1603;3943
3741;3284
2870;3858
3679;2069
3030;2833
394;4687
628;2397
2363;3174
162;4320
3837;227
3759;4721
1672;1009
4916;4668
3138;1659
315;1128
1616;2025
2155;4542
2337;2905
511;1552
1463;4762
736;2832
3594;2896
4299;2416
747;662
2664;3687
4426;193
2005;4509
3739;686
3271;878
3591;2253
1175;4824
964;1126
4306;989
856;1426
2706;582
1391;3103
365;2204
4543;3655
651;1199
3424;3526
2141;4618
3535;4636
786;602
2120;4728
1922;2838
1460;4257
712;3740
1255;3866
2221;4781
4402;1375
2030;4557
1213;1173
2960;2417
2687;4961
4076;1277
3358;4165
951;2103
339;1267
3236;677
4658;520
1444;2626
4782;2530
4662;858
1923;776
1148;3331
3321;2051
1824;268
3852;3719
485;3751
3447;3312
531;3557
2128;770
221;3804
2590;570
925;273
3170;2013
1510;4755
897;313
4916;1890
4533;4909
3415;1593
264;3928
3143;3725
1194;4641
3295;1600
742;2441
26;883
2011;3794
4038;4203
3387;3971
2407;475
2124;1319
4638;3127
89;1129
2681;4962
1676;2189
2902;850
893;3446
921;206
1495;2729
4738;3263
697;740
89;386
2609;3949
2678;1495
1555;48
673;4061
3342;1456
2269;811
4950;4127
884;4940
3269;1221
4508;2427
4061;3813
1288;3267
4754;2351
1283;2148
2771;2212
3758;146
126;2108
1248;912
4400;1463
2401;1472
4799;4443
4541;23
4525;2689
132;2158
1075;3645
1825;40
2438;4062
3041;3013
2159;1508
4925;4361
1675;2254
1765;4935
2215;313
2136;2663
1182;4468
3262;1234
104;3675
2774;1345
293;4023
2159;2491
972;2664
2982;564
1910;1630
1259;983
2819;4507
4913;3721
1846;2984
4258;4265
429;2451
2626;2685
3358;2054
1707;1965
3324;3209
728;76
2329;4081
2936;3723
1916;2436
3339;3885
18;49
1280;4978
1849;2932
4004;2948
4183;2498
3291;3629
412;3609
4016;1378
3773;4929
3251;3627
3395;3505
2544;2194
1443;2497
2348;3029
3604;3601
123;4836
1496;4373
4338;484
3172;3889
2515;654
95;2711
478;4044
4015;4962
492;4013
3706;1427
3451;3507
3229;4513
3178;2582
19;4906
4000;18
3542;1872
3280;4762
3288;2358
1895;2539
186;3423
2702;3345
1257;3958
1758;4523
1344;966
770;1737
4363;404
577;4518
4239;4869
2574;839
1914;980
2083;264
1538;1114
2962;2087
4436;1532
4770;2362
1894;3358
1630;3940
1757;2388
1621;3367
1220;3491
3613;760
647;108
860;110
1008;2039
613;4445
604;3587
2796;4180
2425;3877
2228;1637
4982;3965
1144;2606
2715;279
4050;4077
4907;3022
3865;3399
141;4157
1231;3804
3068;2538
1058;4671
1820;2596
4298;3591
4203;3030
1216;2348
2122;4790
1591;4860
4487;4927
4177;1106
1903;1055
2349;3932
3702;326
451;3615
3835;405
2639;4671
2103;4449
4179;4765
4997;4054
2715;266
2749;2148
3155;564
2937;2630
3256;2306
3809;2721
1936;4905
3116;1847
139;3919
605;3374
4912;4708
4868;1361
823;4507
4061;2098
2651;4565
159;3226
4266;1716
1402;360
1655;4341
4487;3235
539;4111
1282;4826
1970;4236
1308;3115
3436;4711
4212;4645
1054;4087
1227;2555
4658;181
768;3671
2166;3191
4658;3617
2070;4281
2931;909
423;4628
3353;4669
594;4883
1308;3651
956;3522
139;1750
808;4461
1523;497
665;2102
3418;1425
3938;4684
559;4472
338;3844
51;4024
1600;4297
4410;4481
4650;1595
2049;3019
1932;703
3820;2400
1464;827
2762;4232
3314;2453
3216;604
4783;141
2431;4631
4911;537
208;4269
1337;4807
4636;4335
3766;1925
1100;2391
291;4661
3399;2416
1000;4554
3512;3544
3680;4310
598;737
3658;3094
640;1577
4292;697
2350;3701
2425;3047
3301;4717
1097;2000
2507;3378
978;4639
1717;4850
2331;1236
3535;1785
397;4306
1288;874
3382;3596
3613;4510
258;2056
3074;600
1538;1909
1857;408
3612;1512
2548;2004
3327;1442
2185;4145
783;1519
987;4512
4269;2658
444;3043
406;2168
112;4324
4397;4509
2816;4911
4055;395
2440;521
2517;2326
3418;4712
86;649
649;4904
1657;3784
2452;604
155;3286
3036;2565
3766;3618
3112;302
594;3154
1040;4907
3301;2752
2459;774
4327;3688
2855;1852
2101;767
879;3378
480;150
4406;3113
3958;1886
1768;3595
1581;600
3266;1183
2609;1081
395;2954
4866;1101
2651;1736
3463;3516
4022;4242
4418;805
3794;4794
3510;4331
1344;3520
3542;1349
2447;4119
18;200
2611;1834
1238;1283
556;503
1033;2373
15;4812
1113;308
2994;104
1663;3386
4918;2292
1772;1328
1659;1439
303;2571
4543;2235
2370;1491
3776;2000
2729;4428
816;4858
1673;2323
913;857
249;2623
4574;1769
438;3223
53;4512
2371;163
4078;1760
3879;3742
484;1737
139;1170
4317;4606
1215;2797
3714;1743
2106;2234
3587;1287
4044;217
1526;3229
2369;3470
4107;1645
117;4191
1963;2310
700;4241
4024;2213
90;2884
3023;1384
1804;1358
3573;3479
496;2069
3956;4765
97;2996
598;4621
4189;4267
4409;3493
1929;1240
852;2465
1306;1842
3547;963
3398;2276
3985;2077
700;2321
2792;4573
4107;3799
66;3643
3053;4789
3837;1396
2423;4133
3803;3663
2021;807
674;491
891;3202
2516;990
69;791
1492;2819
4345;340
152;2379
4760;1456
221;4429
392;2388
4458;2524
996;3966
2657;1812
2813;179
1170;2397
1884;2419
25;3752
4057;4601
2758;1156
152;84
4323;2650
3517;2281
1175;2233
1339;4116
4509;1232
1215;1775
1806;3346
781;4945
157;4940
4205;2307
1936;932
1517;2331
698;2024
575;749
2762;3727
1507;2492
3130;138
4733;3920
532;3300
655;4427
4113;3867
4459;276
53;870
847;1691
2189;4010
91;2759
2371;1119
549;1721
3459;4058
250;2105
3132;2319
3855;2619
3827;4307
4080;214
208;63
1058;4032
4054;2680
1187;2935
1574;1724
1462;664
4131;562
3329;3554
678;3804
1469;2294
2989;132
1330;1746
3817;1962
2357;3736
3833;1455
1088;839
468;653
596;999
4511;3939
4769;3220
2612;2795
3714;1846
909;2107
2171;196
2192;226
3756;4615
2571;2547
1213;3696
1615;2829
4382;2235
2574;3648
2361;4410
2838;1460
4821;2532
3524;3848
627;3267
3484;1134
57;2443
157;2501
4036;3114
2547;2478
1856;3730
2634;4445
2495;4507
3557;2711
4332;329
3927;3870
3363;4638
3263;891
296;2650
819;4810
2272;2003
187;125
4521;1446
4602;3756
112;3570
214;4873
1273;2191
408;2437
990;1478
2769;4066
2840;3418
2762;1058
847;2277
3531;2339
1248;4240
2307;1468
3841;3282
3525;1634
673;473
2198;2690
3927;4989
520;3306
1798;3527
4744;137
3235;3777
822;2274
1508;1986
1113;3555
515;4154
2347;3984
4368;4048
1894;4579
2202;2066
2010;2427
4352;2187
4576;1479
302;1803
1217;3368
4339;3692
1200;4331
3682;190
1380;1520
943;4935
3633;975
546;626
137;682
3120;4665
2604;62
2216;4247
2889;2741
3339;2588
4155;453
2891;3732
2229;4903
1805;408
412;3893
4463;939
1410;1093
2443;4067
4080;2378
1793;3339
2525;1229
4112;1057
2283;1476
4025;3708
1008;3518
1170;603
2984;2070
3649;1759
1320;2074
1479;4602
4341;2401
1249;2471
734;2355
2167;4350
2930;4756
258;314
1606;1006
4205;3150
2348;4679
3887;4187
3334;1498
3085;1808
2043;1946
2848;2840
3652;308
2360;3562
1703;4393
1203;4231
3055;2613
3103;4164
3619;1401
184;2290
1219;1870
1149;2366
4056;1855
4353;3576
4647;1892
1116;4218
4259;4527
3301;4303
3364;1935
1713;1894
404;2291
3070;3846
2212;4577
836;643
2635;2288
4198;2846
4543;230
946;987
119;2464
2925;3202
1758;2850
143;4784
4714;827
591;3367
3814;1183
4910;3422
461;179
1978;1732
4418;278
1429;1634
3011;959
2069;2977
2881;864
2218;37
4721;1039
3973;4277
2211;1603
3479;1983
4649;3846
1236;1046
2639;259
2394;3153
553;4152
1915;2024
2759;1533
2156;588
1546;1041
3418;2328
576;1236
4087;2544
2182;642
464;415
4852;3698
3195;1046
2413;586
4661;4210
1103;2979
4558;957
3145;1063
4659;1522
4516;3856
4389;2244
817;4441
394;4622
4023;2799
3212;272
2045;450
573;3708
4323;1467
3235;2984
18;983
1126;851
4380;524
2363;4299
3725;20
4196;4170
1243;3045
231;4471
782;903
3208;1359
4726;3214
610;3262
1844;60
3839;4884
468;4559
4462;4319
808;4107
2035;1776
1125;3306
181;2251
2800;321
2518;165
2874;4514
195;3990
442;4249
3011;397
3278;2602
489;4885
4463;2498
3530;2322
1875;2672
583;1709
976;4943
3855;1021
4255;4098
2043;4370
4457;4653
4689;1884
4127;1148
2889;1213
1427;2834
4613;2486
2318;3442
3560;462
2954;2578
3499;2760
1765;1506
3427;149
1087;1931
2722;4151
2654;4021
3915;1207
3438;608
2680;4024
2523;3293
1455;4436
1210;1475
4772;868
291;142
2764;3503
1671;522
2;249
1846;1778
4985;1665
731;2221
167;527
3722;571
2980;3342
3885;3768
2989;637
4094;1872
2980;1805
3603;1667
1860;803
1271;3350
3159;4512
3823;1460
1890;2676
3411;3383
2867;115
4532;1936
3087;3149
4540;1931
607;3904
1662;20
3489;2747
3070;2735
937;2822
357;1803
4516;619
1892;2259
1959;2289
694;358
4833;2295
1530;4822
4458;949
4129;1998
1454;1795
1443;778
4272;3031
3058;2928
4164;1962
2443;1846
1054;2806
2953;3740
65;185
2551;273
549;3131
3442;323
4290;4064
1268;1531
4872;1372
1778;4682
1545;2688
1536;4131
1508;367
3109;3431
1558;1299
607;4613
1718;85
907;2537
41;1472
1060;1571
64;2623
2487;3663
3678;549
3500;4929
1684;911
230;2281
2530;3525
210;1772
3996;2508
4572;3268
2177;2470
3546;4677
4263;2750
4818;4910
653;1441
2884;3523
2044;3123
3980;1097
716;4420
3758;2067
4593;2529
3644;2629
1272;4345
997;4133
1649;2535
3556;551
144;1464
4557;1212
4411;2300
3539;3206
1940;522
4224;1276
1066;2209
4292;4414
4755;4564
2397;4697
3321;4306
4723;3922
4748;3491
1927;1909
2940;1123
2258;4395
2677;567
2682;2592
624;4842
4245;875
4556;4768
241;3631
4129;40
2552;4833
420;2975
1774;3185
4652;4704
4932;1724
4633;4409
3743;122
4376;4952
3629;583
494;3409
3405;2156
1690;4302
1771;3769
2798;2457
142;4950
4777;2261
4917;795
417;910
2077;1754
3052;1688
1159;894
305;2369
1765;2237
4020;521
2752;4555
4095;4619
2384;1766
3878;2101
950;3313
1762;3706
667;4946
1328;3280
3701;2373
1455;3745
3418;4311
1136;4917
2490;66
3303;1639
1921;52
1301;3742
3862;2370
4204;3199
4377;4770
3350;3676
1284;700
384;3425
2344;2650
4772;3420
3197;2290
2177;2813
1718;1376
767;1682
74;1550
3798;1061
2173;3148
472;2688
1130;4868
1992;3580
1873;934
687;4485
897;1191
308;71
2354;1972
323;1689
3418;789
3322;4957
3712;1206
3412;3098
4257;3099
4715;4680
4784;2350
294;902
649;2417
357;1701
460;2514
2774;4915
4504;175
4766;4892
923;2380
1697;360
438;1039
841;4548
4836;1216
2567;3161
3590;2654
105;1264
1371;268
46;258
4600;2816
3501;4513
3552;638
4028;459
4504;4957
4410;2898
2449;419
3266;4102
1208;1681
1708;2032
2847;1660
1136;209
2040;4287
1656;3417
1295;3729
1898;3797
4279;4000
4697;2320
423;2919
3327;2636
3275;779
2686;225
4585;4543
2601;2461
352;429
1596;3796
1030;3837
4600;3435
1641;1233
2719;2606
2620;4589
4263;936
4707;4927
4589;2299
3757;4965
1273;2039
2754;1893
1004;1439
1049;246
23;630
4740;4675
1178;4621
4958;434
1128;2378
1443;3103
4470;802
2624;312
240;702
4392;2018
4776;4072
3182;2307
1690;1979
2603;1146
348;3088
2281;4852
3724;3278
4267;1579
768;784
4211;772
1913;1393
3703;193
3074;876
3470;2197
349;127
3051;4015
4435;4816
3476;3498
718;4970
496;3508
1171;4137
427;1859
1307;1814
947;1129
1656;3281
373;438
730;4215
3751;634
2969;618
821;1468
131;3338
3923;935
4461;218
4300;1172
2026;314
1401;2681
4331;2957
1029;1624
1178;1882
4147;1684
2417;87
1627;567
1215;70
1169;2507
3327;2675
2586;2674
561;2847
4493;687
3503;3140
4204;4332
2243;1778
537;4368
2713;1175
2829;1226
3384;2749
3986;510
3155;2809
3879;2857
399;292
4668;4908
2891;1879
2038;3209
529;2316
4643;2521
3087;4195
449;687
3314;4278
1538;3476
4960;4793
3750;3695
854;789
1585;2579
692;1892
457;4917
178;1214
3961;2804
2650;3158
461;1583
3704;3479
1202;2204
3101;3417
723;4826
1929;514
2326;106
611;2753
2230;512
1628;2001
800;298
4627;139
3363;41
230;3437
2387;1127
66;998
1526;3294
1419;2182
2179;680
3967;3986
1412;3313
4506;4832
3929;4190
3494;2195
4025;2610
4067;4594
437;3433
1364;3944
551;1223
1332;3836
538;4521
1899;923
3144;2475
1971;2297
280;981
4419;1553
2252;4339
153;1664
1022;1205
893;4356
4646;4135
2066;666
3149;2190
1006;4959
583;1420
2424;5
637;483
4597;1610
3494;3818
282;4450
1235;64
2330;4911
3300;3226
3867;3281
3625;2226
2616;3789
4473;1503
1840;1115
1656;694
2917;4418
979;4999
2579;2170
4651;4338
3891;3228
2983;4681
825;4703
1091;4814
2168;1291
1904;2562
1481;3458
4200;3688
992;2525
2345;272
2549;4579
614;2949
2321;2807
317;3175
2212;438
2825;2255
4098;1927
4205;3295
1297;2930
865;2552
2015;2830
4668;1072
231;2023
4342;2369
301;4898
3634;3400
2699;246
4240;912
1422;4538
4959;3262
4626;4402
1154;1484
602;3600
1707;4714
3573;3391
977;2588
912;1010
1277;1790
1960;1317
4610;2647
2296;55
4461;1691
1181;2624
3730;2087
3531;103
2998;2674
4779;1711
2740;4491
2159;1829
536;2382
429;4411
3737;1753
4189;2331
118;550
4832;4039
3890;3004
185;2415
3750;544
556;3936
3523;4272
4853;2735
4781;2982
2112;2450
1878;138
4711;4992
1378;3304
1804;1478
396;41
4337;2234
2799;1267
3281;1320
3833;1406
4084;2854
4931;2163
703;2187
365;3717
2236;1664
2011;1052
1026;3745
3134;2071
900;4339
4331;3903
1068;2482
3175;1946
2844;1817
3669;4858
2567;2130
1139;164
4977;4187
1402;3513
2747;1503
3706;3750
76;2613
3678;2111
2097;20
1302;4017
1087;4408
3224;2577
3637;154
3256;2070
2547;4851
1440;3656
4496;2630
1817;2503
4533;4229
4283;4418
2284;1141
1357;333
4640;4488
1887;669
4213;2225
1177;526
383;3111
2919;131
2163;3811
4919;103
4965;299
304;369
2361;2249
4352;3810
1998;1657
4919;3735
3940;4895
1204;2721
320;46
4206;3314
3243;4553
2759;1824
2212;80
3435;838
3673;233
4276;2330
2917;2394
4218;2345
46;1001
4839;2026
1892;811
4187;705
688;2358
263;4939
4755;1114
2489;616
4771;113
4498;3327
1341;2089
2507;3402
3230;1931
4486;1794
1159;3041
2127;4352
461;1100
1202;4780
3243;2793
1529;2574
4538;653
3251;1831
1976;441
774;3179
454;2811
3497;1585
983;3587
1429;3219
3069;4451
3018;16
1535;4246
4685;1115
2450;2841
877;3515
622;852
2986;4283
2154;3132
3291;731
1454;811
2374;2558
3760;1940
3980;3128
2902;4017
4130;4610
2188;1965
259;3420
1463;2915
3776;1844
1833;304
4080;2480
2370;2104
2749;4043
3182;4954
4084;3617
3229;3992
4745;2049
3401;1378
691;1029
920;3552
4218;2088
2779;2553
285;4915
444;4671
1607;4286
4359;303
3362;3625
996;3605
3560;2370
4647;1138
4887;821
198;1357
2340;1239
1029;3291
4223;3332
3858;2006
940;336
2651;1097
3874;3082
4419;3699
3031;2467
4238;1755
4248;3134
3204;4893
4223;2866
1673;3154
3416;863
3981;213
3141;2245
2690;4067
3454;4702
328;1333
4983;3706
648;3796
1259;37
3833;4976
2605;3530
2857;3574
4445;3719
2113;2460
3236;148
1622;797
4473;4751
163;4615
2212;1810
1653;665
2445;2580
4860;1714
2459;519
1506;3386
995;2791
475;2464
3239;1862
3234;3431
1930;2198
4460;1696
2627;4193
1373;1074
502;1996
615;121
3872;4112
2917;1985
4464;2791
2037;4197
2393;4229
3698;2853
3948;1704
2206;3386
2148;2676
4927;4872
3721;3912
1974;1240
1745;29
2233;3964
710;3618
2119;4935
4818;4767
1725;2712
3440;4923
1847;3795
4022;1336
2151;1875
2421;3583
2570;2641
2248;2554
2064;2652
960;4371
1815;1523
827;1243
1025;3155
771;1502
2130;2887
477;1093
2064;747
3712;2363
1296;4104
4561;2382
1771;3039
3321;2415
2769;3101
4571;4631
1608;2208
317;4418
3627;464
4419;3140
2749;2977
826;3023
2043;133
1466;1944
3734;2167
3110;1121
4623;2523
1696;4091
3380;3896
3220;633
799;948
3423;66
3478;3315
2012;252
2678;4588
3205;173
4584;3261
3966;4697
1112;4333
3145;62
1227;2356
1675;2464
4952;2982
519;2686
4823;3022
2948;4892
2674;4202
2539;2440
3073;102
1128;1848
320;3926
20;4689
3298;3823
243;3886
4658;1324
1910;3403
1393;612
2932;3476
4353;1454
4836;4723
2721;1879
3732;1373
2732;2796
1499;831
4506;3901
1074;3248
3299;1999
963;665
2646;2741
1962;840
4230;2912
3888;3544
4819;3404
4781;1490
3304;2691
3657;3918
2043;167
4207;2428
2182;3683
2663;4704
4265;1804
3274;4929
1729;3280
1197;1553
2837;585
4326;1738
2067;892
2692;1698
1098;3184
1332;2677
110;1346
2889;772
2057;1886
741;3468
2107;2063
4255;707
2855;1531
3884;1309
1275;286
1954;4017
1545;3698
2575;2723
3456;1837
2497;4678
2473;1099
1154;4257
2706;3176
545;4407
4646;4419
389;2738
2132;1044
2167;2981
362;498
4927;3060
1749;29
578;1119
1472;733
3539;4280
4747;543
3794;1140
762;4537
4088;1931
1133;371
2594;541
2104;1169
3241;2994
2316;2150
2780;2252
1779;2989
1228;522
4233;595
2441;4653
305;2664
1015;4935
4309;340
2425;3809
2274;1600
4927;3545
4588;3257
523;2267
4086;3922
2201;1356
4011;1721
1023;4598
1982;3346
3431;746
3279;3954
4505;1815
2882;2507
3228;685
1537;1103
4007;4762
1242;2715
2711;1725
2386;681
999;4638
4672;1532
2517;1656
2342;652
2383;346
111;1124
760;3966
2204;1640
4548;3589
1004;4873
1853;3176
3297;1448
74;4488
985;1812
860;4401
4088;4050
2966;1789
4712;1840
649;2044
42;4440
2156;2473
3500;3549
3208;4179
1324;2759
2438;4635
4582;3023
4277;109
418;4665
4259;3047
4510;465
3348;2210
880;1950
4007;1750
2849;3769
2045;1318
3584;4377
2549;1550
1044;1586
56;3023
3853;1385
4621;419
1447;1142
757;295
2310;2099
3538;1981
1571;4272
3733;1287
3987;4403
3763;2663
4951;1213
3126;3541
3210;3687
749;337
633;1552
1286;3447
3770;744
507;1352
2101;295
109;182
275;160
1389;1456
312;2792
3913;1954
2737;1659
2967;2316
1715;139
2885;1123
2122;3162
2464;3652
4009;4721
918;2281
1764;3161
2350;1258
3162;272
89;739
2630;338
4883;4912
2475;3866
688;144
3186;25
1066;2541
2937;3935
990;1790
100;1069
3432;372
2494;2904
4891;1945
1568;3015
2925;4748
4293;494
1082;2229
974;57
3257;12
2622;1308
1756;3565
4338;2156
2110;2838
1864;2276
21;3881
3875;628
2845;4949
1493;1237
4498;1713
4596;1330
2050;4334
4589;1045
540;4321
1074;4913
2965;3376
4667;2301
3171;2871
2832;2823
3858;1435
479;3065
4981;2219
775;1757
4542;827
230;2536
3690;2985
2897;2612
887;885
3216;3571
2470;2035
2088;3841
436;3478
1059;4570
2558;3988
2958;1907
4632;4881
4321;3639
1484;91
4067;3275
1285;362
3904;2725
496;1735
3321;1259
1594;2576
4929;3947
1627;447
1411;1084
782;2527
2342;4303
2112;3787
422;2488
4014;765
2552;1055
4635;1498
726;2335
4233;567
2383;2662
1228;2436
4610;4214
3108;4187
558;1743
1615;4554
1499;3204
637;3306
1925;4897
1359;4900
946;2174
483;2745
2393;3399
2495;3899
4262;444
2664;4501
3652;616
4926;14
3959;2997
3400;4442
69;724
1426;628
792;2846
2078;1214
4959;4582
1874;375
4712;3987
138;47
3056;4123
4874;3227
692;962
635;453
2231;715
2207;1817
711;1585
3912;3815
727;705
683;4866
401;3797
354;287
772;4357
3673;4114
3448;3141
4813;4639
1514;4281
1030;2520
937;1426
2401;3216
2363;2393
2192;3926
2687;3688
990;2663
1017;2666
681;3605
732;3097
931;799
677;2593
3281;3463
3741;1707
3412;4250
4326;1764
4228;516
1170;1990
3557;1691
2466;3591
744;2180
1860;2980
985;4129
3156;4920
685;2436
3749;920
3130;4535
546;4625
4662;1418
3837;1356
4295;4633
4819;4303
3428;4189
1170;4001
3568;4822
4882;1004
2872;1034
1825;697
2509;3324
2555;4946
4046;2686
4404;4501
1979;1786
672;1916
2979;3156
2654;2418
4637;2320
2040;259
3678;1134
590;3028
4163;3077
44;56
1827;492
3744;2021
957;3812
2403;2414
3181;3338
729;4999
2706;4844
1689;716
2656;622
975;1501
4568;242
1167;444
1534;70
1155;1733
3454;3552
1294;3209
4518;4802
4314;3419
2641;467
4431;957
878;1785
672;1624
491;4993
3819;1682
2253;2496
4724;3026
1095;3010
2866;2041
4831;1979
3480;4090
3908;520
2778;148
2648;1229
2660;2542
3689;3548
3786;4528
2892;2585
4606;1407
409;2796
3820;4057
2928;3385
4242;1206
2121;3704
4487;2980
2330;4590
2646;4407
4081;61
3340;2418
2241;2058
4396;4351
1695;2068
2434;1258
326;2349
2719;2953
4323;3480
2828;794
4969;1648
4781;4870
917;1409
307;2984
327;3343
211;568
4248;2040
1808;912
2777;1671
1379;4011
663;658
1183;1261
2302;2738
555;3153
156;3721
3237;2145
1479;128
1768;3190
4550;4004
4750;815
3218;3659
2589;2646
4069;4876
1317;1043
3158;4837
4832;2322
3407;2664
179;3517
3095;4464
4986;2952
4392;249
3839;4467
1709;3056
1339;681
2465;1189
1608;4205
3949;15
1822;1618
1289;1636
867;4752
4028;4987
1708;3532
3918;4412
344;3902
2022;1771
4837;4540
1022;3867
184;4801
1995;2497
2125;1567
2916;478
3894;1491
404;1582
945;1287
670;3647
4196;3669
211;3988
2339;2942
2477;4376
367;1091
805;368
4437;1695
3073;3492
2402;296
3911;1118
1995;2151
1464;4148
1231;4636
3093;3897
1366;2637
4310;4697
1938;2071
3682;609
1214;2354
399;2613
1724;807
1843;1898
4149;4074
131;3470
1884;181
99;2142
3366;1884
1925;4704
3740;3678
4952;4987
2341;1303
2999;3902
569;4078
3708;2323
154;712
4352;2922
3574;4581
112;1628
3257;1064
4201;3947
1730;10
411;4457
2722;561
4873;2101
591;3570
1689;3992
3618;4848
329;3721
1705;4950
480;1392
1055;1381
292;1708
2767;1851
3530;160
4711;4618
3497;685
4364;2061
2023;1661
775;3621
4753;1500
2976;4256
1398;3265
4127;3986
3663;4429
3054;3205
3797;2616
4710;2428
312;309
2345;1767
3417;4804
4258;1884
2936;1852
3637;4608
1087;606
4568;4334
2173;390
9;3653
4891;4135
649;4453
2574;4352
3684;4571
3516;2501
4568;1664
2349;1225
892;3524
3831;4641
772;1888
4037;817
1819;1879
3342;734
4134;3776
1798;1905
1509;2232
435;1620
937;4457
3616;1508
3238;3495
154;1456
3133;686
2390;3542
233;1191
221;4734
9;389
3200;698
3019;1526
2348;3880
850;1040
1163;1486
3005;4870
4702;853
2052;3973
3831;56
2330;1247
2317;4915
4968;3112
3883;707
1139;1526
4180;4089
4445;2054
3060;3859
787;4151
2913;1786
1970;1447
251;2947
3939;1018
251;3285
1578;3394
2150;155
4972;323
4954;4581
520;2272
1074;1409
2476;4699
510;498
4661;4700
4645;1420
4734;2708
65;1202
2450;3787
1163;3083
392;224
2254;1422
4074;1434
4076;19
137;2613
4930;4705
189;4127
178;2767
1092;3931
4769;2215
1238;2051
3837;616
4853;3175
4902;3426
4918;1156
4333;969
350;3877
4657;4986
3822;1945
4185;876
980;2782
1938;1823
3608;3602
3757;2471
558;4781
2718;2899
4877;2898
2200;859
3537;3723
3508;1061
324;3918
1965;1101
1304;1137
2860;2215
790;3436
4744;4217
1229;583
3442;3983
3933;4617
2340;3483
4049;3335
1210;3845
1962;2266
3234;2306
4555;1264
2245;1068
3837;628
1121;1736
2608;4101
3725;932
2263;3208
2610;2108
4186;1819
2562;2444
3853;2401
674;1377
2446;1528
3083;3561
4836;269
2797;2402
3678;4169
128;778
2333;3172
4789;1998
4536;872
291;3932
2445;2664
2983;1252
4390;4459
193;1671
4539;3990
1076;3172
4676;4623
1830;1981
2476;3502
2493;1456
4894;2635
4497;1164
604;4680
2115;2104
67;4462
2140;657
4044;1890
2153;671
173;3163
2311;4646
196;3290
1334;203
4019;1794
655;542
2227;3054
3109;4698
3055;857
445;1599
2814;2095
4060;3683
223;771
1467;3267
2223;2296
4744;4152
3220;4429
4767;3313
10;1145
3582;4930
3292;150
58;3902
3851;810
607;1412
3588;640
3863;1918
995;250
4388;3330
1011;4848
2061;4017
2720;1292
1285;1960
1086;799
3987;3386
4602;2046
1570;1776
661;4775
105;3960
4124;2452
4271;1904
796;4886
3332;1518
1735;4027
1849;4760
3993;2854
4362;928
3741;2170
4709;1108
158;916
2293;738
1066;1276
4869;1512
2982;266
920;3965
1188;2531
2468;4141
2135;4484
4985;2551
1804;821
4547;1635
1009;702
4743;3117
473;3644
4419;896
3000;1552
753;414
2025;2504
1282;4090
941;3998
2026;80
1428;1330
4407;1907
195;1443
700;4292
3364;3578
324;1693
4862;2410
2677;2366
1260;1449
2673;820
1236;48
2555;4979
3269;2303
485;227
2472;1263
1905;1512
3495;559
4654;4793
1054;728
1729;2597
3173;4726
1425;4467
4330;749
3133;3492
3751;4068
3244;2562
414;1502
467;4353
476;553
2564;2344
2172;291
4324;4353
472;4162
4097;4078
4308;1431
2175;154
119;4447
4542;3665
2757;2875
3740;1331
3232;892
3534;3191
2221;3784
45;2441
3483;1620
2734;2593
397;59
4180;2079
574;2132
108;721
4951;352
1777;330
12;4171
4530;3699
3641;1270
1204;3301
634;666
489;2860
2292;1596
249;1185
1299;1222
2851;821
2734;1680
4714;1897
4935;1755
852;3165
4564;705
458;3957
4225;3019
1232;3005
2751;2665
1938;3604
1179;1455
2584;2234
4734;71
3513;1289
2229;113
2306;2539
785;4473
148;500
3072;3902
3841;2893
4514;474
3751;3825
4139;1825
3976;4414
4954;1875
1690;4225
3017;1899
4479;477
1325;2543
4147;4484
1682;3562
396;1190
717;1036
2076;675
3755;4804
4837;379
4604;556
3332;286
4023;3608
4598;1706
897;3394
4436;2659
2595;1751
3368;827
4330;4240
717;2440
4514;4464
1491;4109
2556;4836
1353;539
3921;2512
4019;1896
307;4190
2197;675
3884;2186
1249;3808
4633;2207
4014;3312
3055;1552
2628;3216
91;4359
1063;1591
4197;3943
2913;1195
1709;722
2997;4109
4203;2678
34;514
2070;3068
303;326
1024;2761
2687;2795
125;340
4948;4332
61;1744
4881;4349
2097;3788
818;2840
3946;3419
160;2643
324;2686
3588;1366
3735;759
3290;1991
1577;4815
2859;1049
3903;4268
1233;1034
1837;1466
1045;795
1540;2312
999;106
557;4786
3025;4610
263;2137
3170;4088
3858;4100
2966;4285
3108;3882
3189;4956
2874;2944
4853;795
3514;4693
2684;882
2139;2446
585;4262
2016;4137
4001;1823
3327;4561
4088;3615
1656;136
1870;1575
163;4970
4106;4766
105;4458
1931;237
773;1566
2655;936
2237;3372
3241;2407
2986;3825
1690;661
2984;1786
4284;3460
1785;3278
4989;1159
2365;1060
966;2463
1825;1440
3959;4745
2988;2655
1573;354
2228;1298
1656;2387
3920;4640
2797;4690
571;2033
4747;2194
4985;3309
2423;250
3086;1521
3926;2292
4101;1165
3336;3572
3189;2269
6;2946
4000;1266
2431;1724
2671;3182
4823;3239
1985;306
747;2970
3405;3989
1923;3269
730;1562
340;3946
3211;4185
799;2647
2674;4917
2160;4602
1055;497
3073;49
976;835
3876;3525
4349;2664
1843;2995
417;4926
1944;3592
984;3783
4524;567
782;1718
4222;2282
3254;2263
4665;473
2497;4279
4596;289
4115;1143
3979;1465
4809;43
3052;4970
4971;264
2033;2446
4250;3761
902;3033
1635;510
4504;415
1078;2964
3;3306
1096;3536
975;2062
105;3760
3475;1562
4555;3142
70;3157
273;4504
2215;4349
3804;928
1835;762
2107;692
552;1050
3027;1930
3397;4356
3316;2612
2151;1924
2597;4518
4868;1625
4797;3416
817;363
1646;4308
1893;3982
196;1323
2189;4273
2616;2218
665;2022
3075;3716
887;1253
753;4167
540;4385
4021;3375
1555;4050
3014;4028
2481;617
4797;712
4360;241
2056;2823
2959;1509
4942;2416
3679;874
2015;1744
3546;2155
4680;1509
980;440
846;2208
2811;101
4178;3611
2545;1330
909;2877
706;2494
2246;304
1805;2190
422;3889
3587;1627
3832;552
1369;3698
4175;4301
1168;1782
4394;3305
4096;3451
2614;1517
836;3000
1690;3938
1622;385
1147;1630
3884;4219
4576;2337
2143;2300
4835;424
3372;431
3862;2294
3413;1802
4527;416
2308;2370
2312;331
4355;3946
517;3952
2319;2888
4448;2573
4748;3185
2528;1411
469;4891
2052;4490
1699;691
4890;4691
3853;335
4593;736
2665;2937
1464;4255
2380;3967
2199;4030
2203;172
2180;428
3541;741
2836;4745
873;3509
1863;1996
4754;4732
4297;4960
1495;3187
379;4947
1507;2202
4702;4692
4695;678
3067;1359
2524;1553
2329;4356
910;10
4602;1190
185;70
1435;4825
4019;793
1996;1785
3531;183
1103;4055
3265;2245
3558;2417
1827;2918
2708;2766
4355;203
2009;4540
3424;648
3538;1496
3406;4826
2102;986
923;2387
1111;4696
998;1966
2774;4811
1984;2577
1492;2166
2254;2498
4917;2974
4;448
3774;1817
1389;4864
3827;4390
827;3507
4057;1161
1408;2014
160;4421
2925;4887
2085;3905
4414;1269
2037;1445
3165;2231
194;4860
379;2103
712;3861
156;4765
3012;4604
2773;2129
1762;1286
3208;1481
1023;3496
1087;163
896;1180
2487;1548
4267;3700
712;2369
3902;2141
4042;2708
1893;3779
596;1115
3049;1248
2236;4886
616;989
2005;3666
2293;252
3398;4326
678;3705
628;950
2065;1897
990;2472
688;1585
3745;1077
1852;3862
4497;752
3327;1203
4798;2843
35;3366
970;4506
263;1014
4532;3842
3327;457
20;255
1450;2813
1104;3306
200;466
1928;113
3030;2701
3975;2053
652;2333
1968;1931
1318;3248
2092;1207
2025;1894
3408;1550
238;4728
4845;1039
1877;927
276;3646
4902;380
890;3326
1630;74
1612;414
79;252
1909;917
2476;2470
3012;3242
116;1009
3306;375
622;3940
2799;4734
995;3021
2279;1059
259;1299
4589;3895
1717;791
1133;4201
3298;2877
1138;415
4770;2102
3022;879
1911;2233
741;2324
4729;1643
2561;3314
4180;1073
1882;1931
4428;3250
2650;4557
2466;1348
327;4336
1514;4351
2001;4638
4802;583
753;790
4848;3519
3306;75
2160;761
3439;1351
191;1010
4666;2939
85;45
26;2164
1193;470
2284;598
2932;1380
1766;2991
3933;3915
1445;1877
886;4641
1549;4455
4006;44
4925;57
3388;4559
1544;3529
648;2362
4399;2097
3891;2149
88;4419
2208;2157
3014;1857
4527;4192
788;4206
769;2695
1279;1496
2970;4914
1001;2163
1001;3655
4435;496
4851;249
4941;2956
169;858
3196;3857
9;1399
4282;927
1506;1492
1250;1289
1133;470
3730;1768
2242;2997
2474;1789
4435;1775
446;1629
1929;3897
2355;1789
2124;1976
209;4380
3256;613
997;2765
2984;3923
814;2545
1498;4078
3557;65
4274;4784
4741;3184
247;1877
2841;1211
2925;2138
3247;4945
2809;4311
826;2202
2802;987
4062;2824
2073;4130
1295;1549
4537;152
235;4893
2509;3390
482;4364
4944;4969
2870;4020
1367;4793
4007;1261
4130;2205
1626;23
4938;772
2791;3164
1413;392
4795;857
2417;3213
829;1102
21;1081
4098;680
4963;1776
3215;1969
2447;888
910;4379
674;4351
3968;2578
3379;3658
1630;2409
3920;1516
2482;2795
3668;4193
3308;2735
4156;320
3810;1492
4431;4038
1356;1346
4767;2296
984;1526
4202;2037
3069;4952
4675;452
2395;741
307;4108
4815;4818
1893;4141
3688;2763
928;434
4994;4480
951;354
3060;3645
3111;4415
932;1851
3529;3371
270;314
409;1811
2153;4983
3992;501
4410;4529
3582;868
4584;1882
606;604
3371;1630
148;2295
4670;1387
3722;1596
3030;3973
3742;4911
625;4792
254;3032
694;4011
4798;1222
3319;2811
2369;2172
1399;4834
47;2857
2310;3491
4526;3009
2172;1204
353;232
3049;4325
71;2957
4537;4008
931;4870
2612;2325
3546;1924
4276;631
666;3573
437;2099
4546;2160
1420;4122
2928;434
1659;2375
2100;3688
4436;46
3278;3895
3628;2755
4706;2467
2618;3576
3345;774
4307;2985
1968;2004
3544;2687
1983;1771
936;4402
3807;4354
735;2438
2396;3027
48;2608
2260;3372
3894;4929
378;1393
3287;1629
1790;4171
1557;3259
1343;20
1127;1190
2344;471
19;3150
1652;4055
2511;401
4076;1370
342;3329
2696;942
4949;2636
1398;1941
687;4273
2223;2615
4024;2374
2994;4336
1795;1837
3112;4781
3642;323
1476;520
4049;4800
4945;1555
3380;2827
3123;1024
3060;447
4279;3643
2713;2068
3978;2397
4228;1556
3716;1407
1228;840
2323;3206
1447;4718
391;1723
2394;1007
1813;2026
189;1048
4178;699
2429;669
3475;4711
461;3051
1566;2905
1656;165
3157;2938
2640;3412
2890;524
3137;2028
437;762
401;2424
2759;4952
204;4913
2680;4762
1929;4574
1112;4630
872;907
766;1813
2629;373
3471;3284
304;4351
1662;3124
2650;4845
2724;2514
3683;773
2465;2516
4526;266
1957;2071
659;328
69;3968
2287;1800
3470;1412
1283;2069
871;3522
2985;2217
3695;3837
1680;3102
3172;625
3287;418
3210;2232
3530;4811
3394;3323
3705;4654
4343;2715
1300;4156
3261;3623
3198;2809
3674;3672
2687;3834
2542;465
1338;2881
2861;3261
4779;50
2310;2851
1038;1391
353;2719
3822;2243
4220;4183
3263;4637
3416;1122
1308;1513
3479;241
1223;2270
2137;3534
4155;1340
3139;2991
3261;3286
3621;1093
2533;492
1541;1112
288;2421
3441;1828
113;1294
4330;4069
2835;3783
2254;3715
4392;4024
3009;2472
2000;3835
3077;1440
4707;1158
3873;1121
1497;1863
3165;4729
2038;918
4766;2186
976;1129
1367;129
2000;4760
2895;955
2029;3855
4552;4796
382;4141
3204;4407
4825;2834
19;1369
3765;4490
2429;619
1369;1684
120;4227
1443;2394
3530;109
510;4614
3592;2040
3887;3872
2985;1072
3842;1258
4528;1021
3886;4958
2967;873
1091;1955
3131;1961
4438;140
4981;3200
4217;4059
4888;1114
4575;1927
2994;1255
1894;546
2319;4346
3804;1939
1297;4864
3062;3402
216;3258
4698;2743
726;1625
1386;2986
1522;2631
3108;4560
1866;3675
14;4984
4975;616
1048;3429
987;414
1874;2473
4376;3853
2011;1743
4599;3217
4118;1413
3809;3790
496;2673
322;933
4351;1072
2789;4588
209;1011
213;2053
3318;3664
850;3303
4084;2843
1156;2391
4182;2673
2546;1038
3251;1821
4230;422
3216;1529
831;658
888;3152
3567;3883
3787;738
161;1563
1634;4273
548;1225
4085;2181
4126;1921
4907;2954
3127;631
106;2631
3563;2804
4813;1270
1842;477
3871;1150
4225;4028
4324;688
3234;3615
1691;4054
2489;3362
1650;1070
2553;1576
790;3948
4062;601
2041;3645
386;3223
2609;2351
4935;339
4572;1373
4635;4228
1491;4900
2654;2917
1841;1037
2831;2694
2750;4186
493;455
2166;471
3542;3350
3132;2777
4523;1173
2207;260
543;194
1603;3594
3861;1324
4524;525
1554;1193
4239;3482
571;2567
3387;252
4203;2605
704;1489
1790;139
985;3911
385;2249
695;4195
577;3262
3501;3631
2440;2196
3138;3226
3836;1289
4512;1992
4357;159
2041;160
2694;1071
1782;2384
2073;1024
707;1352
2857;4600
3014;4734
3538;4746
3191;2952
177;3119
396;3178
1896;2236
659;4639
4319;1256
3289;1233
3417;2200
2417;527
2965;396
544;1539
3354;1667
867;2479
3465;4503
4996;1831
2066;4041
1166;930
4773;3446
1054;403
2830;278
806;347
3211;2147
2320;1537
4219;224
1408;4712
2206;3457
4086;305
688;3704
324;229
312;3462
2182;3243
2031;2292
2061;4557
1040;631
3128;2225
4302;2297
1318;4133
3433;3900
1630;1682
198;4249
3122;609
3222;407
2967;3446
2354;3542
4496;1264
4439;4495
6;958
4954;3531
4876;3586
1144;815
1441;3863
4519;1005
3261;2244
28;2632
785;3120
629;2176
2157;1867
3465;1217
219;4342
1537;4371
2535;1818
2626;4221
3738;408
877;3747
3355;4866
4443;3620
3421;1324
1355;4441
753;1423
1313;1737
3161;4901
706;483
4765;3049
2927;2731
903;231
323;1494
4491;348
4210;4985
2689;3661
3606;3848
3564;2162
4082;102
2951;3095
4364;1021
2153;2250
2869;2916
3554;208
4542;2924
3585;3084
1655;1779
433;4233
435;1604
3765;338
3978;721
3892;2337
4816;4155
2367;3825
4027;1708
3571;2236
4511;777
1633;2285
4773;3523
4947;456
1197;378
3042;2167
1022;2279
3536;1801
2450;3977
4422;2958
210;1997
813;2149
2110;3187
3529;3033
1225;753
2035;3183
4717;3632
774;2728
283;1469
2498;4076
644;14
2904;3492
3195;1979
4250;2721
148;2333
1261;4756
2490;2637
3295;1912
2135;1306
2685;992
1131;2716
2980;3588
1006;4372
4890;4973
1213;2278
3041;1962
2073;452
1927;41
2303;712
3758;4766
2694;2269
1156;3948
317;3959
135;4326
900;1741
772;4660
4054;927
3322;2001
2579;3180
434;3986
4384;289
2750;1830
171;2026
3703;409
2277;4867
3665;2025
426;3317
1546;2094
229;4860
1802;4168
2830;1915
579;2016
4427;2741
3146;4940
4714;1422
4308;3655
132;3745
4490;3490
5;4618
4033;1051
1155;1171
2312;4180
2701;3072
1060;1655
1187;2602
2668;3495
4325;3081
1475;1506
4447;619
262;3598
440;54
3216;1813
1460;1726
1092;3672
3466;3640
3538;329
3579;2668
1738;3705
298;3031
4798;1281
2619;1906
3782;4682
485;2059
2686;2013
2122;3884
1145;567
781;1761
4089;2424
4310;3909
3292;65
141;1528
1860;2221
818;3599
1306;2493
314;3577
4534;2890
3127;2967
343;4967
649;1467
487;2096
2763;4144
1039;3178
2572;1054
3783;751
3509;3597
4925;2726
1448;3545
3529;4495
3312;1241
1144;988
1216;4956
983;3021
1795;285
430;2394
4310;1589
1849;2978
2731;4423
1983;96
1288;2664
922;4382
3881;3978
1986;695
2475;443
601;1288
807;4698
2296;3829
296;632
2873;242
3071;4727
4646;694
788;1247
1369;1924
3227;233
3270;4130
4061;3683
3441;1751
527;998
1021;2899
1791;881
2614;3184
4095;3391
965;181
4922;3204
700;3426
2170;2434
2586;3238
1968;2841
3151;4786
3008;65
1056;1258
998;2721
2668;4220
203;2434
252;184
3070;4893
2459;587
4019;3605
1460;1413
1903;3946
2263;61
2967;757
3049;452
673;564
3586;3516
3965;872
611;613
3976;2645
720;4927
3684;4019
1746;4522
4980;3425
3187;581
4168;1686
4139;4009
13;3766
166;3791
3014;2633
3129;3799
858;4319
2639;4279
2370;3811
1052;259
967;729
4445;4158
47;3625
1419;3180
4248;2394
3519;4220
916;1070
4602;1241
1439;3126
3112;1502
3308;2698
2759;2414
4955;4781
705;9
791;808
807;116
1976;4353
1244;584
1318;1386
662;4926
2357;3536
140;2836
4398;2563
3280;2811
724;2906
4434;2463
666;4588
1994;3240
1127;2348
4367;3076
3702;2865
3424;1858
2840;2252
4996;4977
4975;4437
1770;3082
3728;3057
2074;3222
3555;4402
605;1916
3152;4884
3173;3482
4304;1737
4856;2423
131;4219
294;4488
3484;1161
4998;119
1711;2879
2232;4407
4187;790
375;171
349;4185
4922;2004
1634;3397
4006;3023
448;4177
989;1299
1140;1345
4074;2442
4832;3004
1463;2406
1321;4594
2440;423
3429;1152
3092;2740
3438;3831
3870;1967
3525;3920
248;1934
318;4202
4315;1956
1321;4183
1587;3397
2901;1669
3934;173
4375;4526
405;869
4861;3975
2573;1925
3233;105
3926;4017
3262;65
2848;3221
3424;61
3464;4785
3819;4894
3683;859
546;416
3976;141
1045;1006
3016;4497
699;2580
4868;1981
1432;579
1096;2591
541;329
4583;424
3352;1592
1570;3079
1112;400
4100;129
4102;2555
832;4926
2829;1416
2724;3414
2179;3895
1429;4551
3172;4110
3999;2327
4272;4623
4189;3505
3346;2234
650;3300
4730;2669
1596;3167
23;787
2755;801
2643;3171
2636;196
2021;17
4355;1189
3571;3594
1799;949
3308;2404
3934;2222
1520;3784
3743;4449
1818;3717
2938;3396
2503;1579
585;1343
600;781
3016;4346
2166;2827
3444;798
1670;977
4423;2630
2849;4639
2338;1227
2442;3366
3960;1772
3587;3406
3459;20
1918;4414
802;1884
667;861
1429;3538
2902;192
2189;4365
1400;298
77;552
346;1905
2295;2619
568;3309
3928;1286
530;3917
910;3594
2705;2153
995;3945
3366;1265
4481;3201
4949;408
4594;4225
4977;4042
2106;3718
1438;3385
4158;80
1121;2033
1807;3302
4258;3334
3209;231
3538;3943
3887;868
728;1227
2186;1187
251;3258
4345;3149
4910;353
3535;629
423;3345
2349;409
2712;4007
1214;169
803;1250
835;4013
4178;854
2319;1900
1238;1286
1267;4220
4893;2378
3737;1246
3018;4902
2435;2222
384;1797
4050;3343
1906;1577
1285;2283
825;1445
483;3300
517;4486
4199;1682
2056;684
204;1979
2796;3550
2910;3928
1312;1242
4621;4691
4317;343
3560;3014
4344;3071
875;4900
4532;1995
1576;4730
2166;1432
4348;2387
4532;802
4821;1238
4548;2207
2049;1937
2302;3644
670;1777
162;2064
3369;2699
2229;2991
256;3518
3967;138
3470;1371
3567;743
193;2977
1270;4255
2177;2788
4954;1258
2282;3323
3180;4100
2325;605
46;1552
2948;3929
1447;1096
945;3664
1931;2653
3062;4976
991;2923
2415;3553
3585;413
714;390
3049;2388
2002;22
7;996
4552;3837
155;1275
3281;2621
3788;717
3080;3628
4835;3528
449;980
845;467
2921;4236
3153;2234
4108;2998
3775;3533
1751;3675
940;724
3386;3749
3451;752
1118;3883
4095;1113
4427;1448
3854;1301
3216;24
4172;3651
4728;526
4175;1821
3468;2876
46;1446
3426;1524
4431;1501
2708;3000
1783;4402
2556;540
4696;392
4661;27
3789;1926
2325;3774
3496;3652
1540;2126
1281;4726
3144;58
1671;1252
1701;1835
98;2848
1564;4162
1351;4874
4821;4907
4724;2641
1380;3376
2948;1055
4093;4697
2914;4836
4193;2883
621;31
1860;2496
191;1937
3109;574
1077;1218
1509;1212
3003;2674
3862;3981
1186;4239
455;427
4658;2500
2688;2737
3365;2700
1696;3113
1919;3318
2289;3903
661;3110
2795;2043
4012;4836
1438;3610
496;445
386;4046
4378;1341
4885;4419
2098;512
868;1333
1491;1370
496;3107
3686;2721
1081;4244
3284;3576
4268;3650
2243;3402
298;4128
4567;1289
2414;1055
1345;1560
3657;2257
397;174
2335;386
3584;4242
4145;2153
2644;2716
1579;4195
4100;3483
1096;2331
3268;525
4491;3597
1078;3086
3308;2560
3099;2748
2521;1485
1940;4463
844;1723
4771;4752
537;1223
1159;2396
2527;4068
4760;542
4676;3716
4094;2448
1041;1193
429;76
895;4764
2201;2273
582;912
2283;1076
1129;3997
2261;401
2396;1006
1251;1114
4649;1210
417;4527
678;1519
2772;58
1482;1989
1714;4476
3823;3160
4457;209
4991;3699
1992;2334
2223;3763
1492;1289
1230;3237
4837;4930
966;4847
4625;458
3265;3141
2900;3792
2177;1994
2035;1879
3911;1135
2707;3918
2494;574
3990;926
2450;3373
2104;1971
2103;527
1583;1985
1721;1762
3225;41
4360;2525
657;4968
3012;985
919;2607
2633;2681
4916;1773
2678;1828
4002;2343
1961;2390
4500;1722
3379;4895
4016;3623
4721;4964
4981;2284
10;4019
2868;2002
465;3353
3146;3687
1365;231
1000;3508
1805;4083
2712;4130
532;1915
573;1590
3619;4649
286;2194
569;4099
3075;4156
191;53
1797;1354
735;2827
806;3867
1132;4936
4155;3562
2426;3522
3858;684
3724;1538
2145;641
4777;2175
3955;4408
2574;2063
970;4450
4067;2571
3805;3425
2935;4344
75;4205
3633;725
211;324
3306;1294
989;1456
4512;3185
1980;792
578;372
1302;3808
3003;1634
2518;4086
4159;1748
4591;2741
1615;155
1386;3327
3287;4299
945;1034
1468;3151
444;4279
4955;4146
2696;3571
2709;3543
3695;3024
2478;1032
4819;4076
2924;1581
3086;97
3961;2442
4890;386
4078;699
4086;874
3478;2019
1487;1039
3160;1089
2410;259
1900;4623
4793;3056
125;4766
4012;2925
2543;2917
3632;4652
1898;2498
478;4883
1060;2822
2236;2008
1863;1511
4595;4695
3058;1430
1622;1783
3404;3512
2001;2153
1349;3493
2679;4605
40;3059
4398;2894
164;336
1230;2571
860;734
2803;1157
2583;961
3059;2136
2618;1217
3431;311
3140;2227
276;697
79;6
351;3961
3871;3963
3994;2016
1988;3930
619;2586
3562;881
1480;3180
1462;683
3465;2809
4569;2429
1532;665
3663;4234
4344;664
1145;4847
3656;3543
3878;2294
3287;4409
1158;2993
843;3072
1630;3273
1604;1963
3397;2041
3449;3708
2574;150
1178;4917
221;342
1206;2441
2216;3896
4571;3697
409;2077
2865;242
2372;3183
980;1978
4378;1870
431;3080
2447;3145
4317;93
2047;1096
2286;3901
380;3462
3629;1400
4950;2261
1397;4837
1416;3743
738;3588
2613;63
3979;965
143;149
2607;1638
752;3849
1637;2063
2359;3216
107;2518
1423;4606
3069;616
1182;4306
1699;3464
1016;461
4320;3934
3608;4600
2585;628
2100;2163
2143;1849
3894;4636
4917;4210
1388;2510
4301;4882
1034;3621
266;4946
1387;2546
3821;4668
126;3222
2603;2595
4924;4588
2048;2543
2418;956
873;4446
963;1632
4671;4663
3884;4053
2264;3439
2419;2713
4727;2096
2563;569
3330;2291
1608;3419
4181;2096
4930;107
384;4886
743;2681
161;2186
1472;3081
3650;4866
2886;90
2183;4736
923;4502
4163;4521
3137;3288
515;2186
47;161
309;3396
3754;4364
2887;2580
29;2318
713;1470
2114;4277
1278;3514
840;669
2333;311
3984;2311
2762;2265
2149;4783
2790;1305
4225;538
4730;4114
1793;602
1315;2221
1309;4519
4162;1297
2930;2954
3169;2397
1639;3946
1959;1522
500;1589
1127;2938
2040;876
3759;760
1680;2561
522;2153
1901;1477
1985;3727
4051;3504
3658;4145
2324;3829
4808;2249
4243;210
2857;4849
1215;3866
1700;327
173;4295
3592;224
4347;2836
3903;3849
4811;2255
3425;349
276;2228
3922;4930
3862;1989
1117;4980
1985;135
1998;1438
4349;224
4495;2113
2749;3808
894;3034
377;3915
3081;4074
4083;2294
607;819
3856;1394
1965;2756
2108;2365
1891;1788
3544;4435
1808;747
4602;4970
967;1845
3570;2319
1568;448
2884;4
1814;3666
689;844
348;1846
3542;1717
2383;4107
1079;1127
3721;3606
4831;2781
2989;1367
1210;2984
4832;2289
2668;1196
2790;790
4349;2083
3725;1795
1601;100
1182;656
772;3172
2103;1703
4381;2648
1186;1658
1298;76
4443;2372
1512;4299
2285;369
2546;4646
813;4270
4679;1514
1804;2911
1449;3177
2132;3204
3413;2042
4617;1740
134;1611
3165;1898
1438;4420
3830;2922
462;80
4448;941
3042;3513
2691;2771
2622;1332
1753;3979
4242;1091
1303;4672
3907;261
4481;1319
4398;619
1731;1635
2876;4585
4465;4691
3290;3565
1097;2677
3169;3689
3358;4314
1996;3045
2577;1001
2697;1681
2140;659
808;1667
4824;1493
2003;4440
3949;2394
1818;3096
2484;1654
2218;3515
667;2086
1664;1522
4096;2081
241;3167
2306;50
4940;1928
4674;4545
2141;4639
3662;3461
2990;2932
2100;4234
2911;2551
3273;2509
4089;1793
4942;3744
3761;285
1163;1701
3129;967
2265;1493
1305;2121
4436;444
1948;1954
4207;461
476;3811
4845;3872
738;2693
3227;470
2182;4638
3581;139
4330;2454
2988;4842
3018;1983
1262;2069
1116;995
730;2063
3446;2823
564;3576
529;2784
676;3784
4087;828
1116;2539
4285;642
824;1750
1721;2316
3770;3920
3222;1264
1074;2791
525;3883
2801;3487
4339;764
620;4710
325;1281
3152;753
1958;4595
1097;2721
3502;3440
2099;4930
2729;260
4868;4597
1913;855
3188;1037
4118;2361
575;3759
179;3481
4810;4941
341;1338
4577;1109
4809;3379
2090;2536
2964;1107
2349;3010
153;2022
3253;3094
1658;3411
1982;4079
704;1019
3233;2193
2984;4754
4477;998
4796;2840
4994;3075
270;4528
1113;1950
4743;4869
2530;961
1238;1446
236;2155
679;1182
2180;2954
4923;2773
3635;2087
2091;3144
1751;2810
2628;2297
4252;3568
2689;4918
2383;78
1355;122
713;1309
4382;3192
1818;2576
2388;2509
3275;3075
4356;4389
896;679
4831;4309
4030;175
4519;1682
4489;4141
4999;1745
3443;2140
2586;4815
2753;1870
967;4245
3863;3978
1883;4006
1370;4965
192;405
3480;4266
2763;168
2503;1341
4897;808
2762;1048
3837;242
4711;2102
1402;262
844;4217
1088;1493
4678;3300
2135;3264
4699;3101
4390;4031
2913;1915
377;3055
3656;1272
2698;4692
3279;2921
3982;265
2186;4996
1051;1874
2267;4303
2710;1436
2600;1639
4570;1954
4394;520
1277;4932
3806;3694
4253;916
2119;4718
648;3480
2643;738
2894;2405
1796;444
2659;747
728;4761
185;4958
4843;1075
2425;1834
2946;3717
3334;293
2289;73
658;4190
3364;3788
497;466
2470;2309
2860;287
1473;3363
3009;3775
3737;382
4775;3792
2419;2241
3501;4739
3521;3359
3825;4737
2420;4333
1454;1420
4839;4461
989;576
3557;1651
2619;609
74;4452
1920;4276
380;1729
2475;426
1932;1489
952;1582
4546;1100
1082;3642
2129;1998
2792;51
2710;1683
337;4566
2608;3331
3838;3863
3425;3928
4924;1109
3586;2210
3482;239
4646;4327
4005;1751
2659;256
3261;4251
1569;507
3893;3220
599;696
3964;3782
4395;4017
3308;1587
375;2742
2348;1246
3602;1101
1375;2024
2617;2354
2275;1369
2862;4888
692;1849
2711;2535
499;50
4781;1835
2193;2201
3877;3590
1844;3242
1689;4402
3439;2362
4609;1133
4540;3178
1080;2276
800;326
3978;1550
1687;4684
3585;4147
4596;972
4496;305
2921;1920
2760;526
1728;2139
3347;1511
2222;1627
2324;2786
1457;450
4198;4586
4067;2225
430;4715
466;3636
3281;3245
2210;3973
3994;428
2703;3083
1024;1711
1075;446
4497;1075
3062;340
2382;3033
467;562
4926;4371
3607;2413
146;2359
2507;295
3309;347
1781;2842
3560;1963
2133;2033
1107;1762
2867;356
1524;2278
3791;2100
1564;893
2063;3637
1222;2067
1075;4867
420;4269
1129;4035
2332;1734
4414;1598
4709;1537
2046;4390
3951;4073
3273;2128
419;1222
1600;3042
3848;3310
3783;582
1316;2471
1247;3650
1908;4352
312;4323
4908;6
3569;2610
2039;4425
2422;279
1112;4066
3282;803
575;2440
713;2053
2141;1773
1999;4326
4932;2741
3368;4269
4953;1195
3311;741
1642;2511
100;759
1261;165
2563;865
1939;2076
4524;2261
924;894
352;12
921;3328
4809;4044
1119;473
1117;2277
3511;1982
41;485
2369;332
4584;811
2129;4889
59;1698
1039;4155
1960;1811
1420;4179
47;1675
4891;3983
2179;3101
786;635
4102;169
2349;3890
1321;305
4688;3720
3017;223
3910;3899
3858;2761
2131;4948
146;3128
3586;1944
2773;83
3732;3464
1304;1735
1484;4146
2230;1319
3907;4085
4503;1245
1976;3651
1252;3430
4168;4132
1753;3641
1790;4147
1378;4484
3468;1460
1911;358
2860;2631
310;3806
2252;4391
573;4260
1721;838
2198;411
1835;2660
4651;1291
60;4496
3625;4192
180;737
1651;743
4270;3063
2005;1722
4087;1540
4450;458
3957;834
3257;4032
3717;1806
1093;2317
1925;28
3933;3371
2635;3477
3267;4616
2041;3205
4515;1186
2829;247
1915;3159
3482;3628
2406;817
2485;4748
787;4330
6;2008
3078;3999
3717;1769
1377;2914
4259;1479
958;811
2753;4619
406;4482
4268;350
3240;1908
3140;3052
2231;4803
4415;930
492;371
4601;983
4146;1919
2465;4581
891;1774
4869;3155
1707;92
746;3177
3579;4081
3201;2876
751;3338
4983;4
2503;3362
412;2784
4799;4550
2006;3276
1478;2761
4965;1384
2383;4590
1148;3774
4668;218
1426;4436
4006;970
4652;673
4533;3107
4526;2167
506;1887
855;4704
4149;4299
1413;3959
4347;408
3044;2985
2847;249
2479;3131
2980;217
4325;4672
3615;2187
935;2378
1639;4844
594;2124
933;479
3229;1965
4801;1662
360;4868
3687;1966
2141;3017
3185;1492
4009;3401
4454;3840
1123;2660
1885;2193
692;3765
2575;4240
4901;1118
4201;807
703;3016
4645;2461
3005;4141
3454;836
4503;4276
2635;2891
3168;1603
3983;1134
696;1202
1378;4808
3220;870
1756;2827
2166;821
710;4675
965;3143
4883;1951
3882;2074
3919;642
794;2857
3567;2066
2066;2213
3708;3775
3668;1735
2933;4189
3314;2108
4458;4779
2567;4260
2439;4406
1382;4457
1372;697
4917;4255
1859;2165
3298;3741
1354;3335
216;2550
3501;2849
57;2135
3645;2802
1086;455
994;1993
4549;139
2156;4931
993;4163
751;3075
3145;4777
4582;2448
4358;471
3344;3858
2111;4991
886;2283
3909;217
391;2727
2523;2406
2415;2113
3017;4372
2687;4019
2782;3607
1337;1242
3294;2543
2174;2961
3106;4111
2054;991
3531;2582
2745;4040
592;1173
538;802
1250;3439
3593;2480
783;2232
2462;3665
2481;1052
2335;2784
1194;2170
2843;4030
3145;2892
2189;4146
681;336
4576;4337
2239;777
1023;2236
755;4282
769;2232
603;3509
1946;3691
438;1536
3225;4428
3695;4208
3746;3545
1044;4255
2776;1714
2596;2034
3179;4372
2899;331
1162;4710
2170;1669
355;2950
249;4667
3983;1432
309;4435
3353;3945
1585;2063
1521;4826
1652;4664
818;1003
2488;2096
4588;3395
3757;477
921;1970
2399;3821
4344;3823
860;329
3852;2194
2753;749
2784;31
2213;4237
1879;617
2451;644
528;3051
4479;434
2471;4277
3074;3466
1574;3603
4573;3905
3447;3024
3770;1319
352;2242
2143;2356
2930;4872
1025;2684
1145;969
1127;4908
2302;1451
3585;4114
3020;4683
4556;156
586;3047
3337;2496
4135;4327
307;3428
4667;802
2329;3061
4856;3008
3102;3310
4367;3264
428;4448
864;2890
4263;387
2379;4273
2358;3485
2091;1593
3560;3556
3285;2823
1308;3422
4673;2746
434;1948
508;2972
2293;4510
185;3614
2177;4103
3992;1863
1380;2707
4274;3723
3684;2293
2209;2540
3670;46
17;1854
522;3151
2793;4074
1279;3833
2576;3031
297;3293
1122;3282
2691;807
374;1495
2529;1086
3272;3054
3371;4295
3270;3867
496;3281
4542;2370
4586;2097
2933;3730
629;3301
2305;2720
2583;4141
4566;173
2880;3848
229;2031
3429;3033
594;3888
4963;3694
3940;166
1464;1162
3913;4921
795;3259
2734;1963
440;3269
4546;2356
3691;2296
1094;4512
4920;2037
1216;2287
4432;4536
1336;666
3536;3423
3118;3544
2298;297
3092;1481
2195;2569
4902;1648
1254;313
619;3025
2069;4633
2426;1775
4750;2340
4328;3710
1712;3727
3853;2856
2299;3514
3489;3815
216;383
4931;3090
3193;4416
4793;4664
3887;4952
258;4373
3497;779
842;2314
2874;503
1793;3554
4488;3182
3813;723
4751;2743
825;1278
3679;2531
1831;2285
3137;4353
2553;1007
2671;3876
2136;3819
1855;3895
3470;705
1068;2757
1326;1484
4527;2719
4668;2632
1910;4220
1703;236
2420;591
3630;1423
343;823
1616;1669
3209;1627
2833;1577
3573;1639
4315;4733
4042;794
672;34
1235;3416
1923;3980
2707;2014
3923;4963
1310;3748
1893;4947
2646;3803
421;1639
337;4574
3149;4023
882;787
3164;3873
442;3901
4490;258
787;2253
3035;2210
2163;473
3740;934
2664;1421
921;1172
205;3132
660;1274
2219;3878
656;3964
2684;3177
1787;692
851;1860
1819;2111
635;1041
1467;3477
115;4455
4583;3050
4823;2049
3858;3426
3971;1220
2059;1729
3959;4598
2177;3354
2379;4085
4952;2075
2519;2719
3462;4028
2633;4137
3786;3063
3524;2718
1032;2697
1022;2980
1924;4093
2224;3397
3990;3767
3739;1620
2739;4153
2223;3437
4340;2692
4562;4511
1213;552
2477;2722
3356;795
4566;1620
4312;4814
1788;4127
4036;1479
878;3491
754;2964
962;4211
4159;155
1076;4960
1400;2149
957;50
3755;1548
1788;2870
1624;4548
564;1419
1413;2983
4571;360
69;3622
1318;2874
503;3028
4533;2284
509;1429
763;4073
1846;696
4587;2038
2727;1686
1283;918
4567;2121
4343;3435
1437;753
1183;1955
3737;1615
2998;4899
3387;4539
1762;256
4444;1385
4603;4195
967;3890
3331;3255
36;1893
4375;3574
2222;286
1059;3132
4603;3873
3803;2171
1176;2761
2474;3926
926;237
1494;2153
4714;1205
3548;792
263;62
1576;3376
322;2122
4882;876
2889;731
3422;1090
431;1328
4818;2147
652;1228
2780;3140
1591;4467
3613;4119
3859;3707
2724;2143
3455;2911
2146;4772
3078;2695
4373;577
2078;446
3350;813
1324;3815
484;2863
1609;4482
3222;4751
848;2391
2932;2453
1022;4782
4773;2122
2585;2820
2260;2673
1831;3818
2955;4716
4475;2424
1547;4991
4910;255
752;683
3541;425
4703;1689
4963;3983
2685;735
4609;4034
2461;2340
1698;4150
3151;4775
329;3046
3187;2121
4958;3612
4494;1040
2430;4100
4687;1951
450;1335
4718;198
3949;4840
1052;3165
976;3818
4500;453
2315;4878
2307;2806
4071;699
589;1567
3730;3797
397;2286
4612;1988
1058;2638
2497;3773
1414;913
3129;2064
1473;4430
1444;2223
3572;1328
2115;2527
135;3025
4209;3382
3465;1251
362;486
3973;2480
3591;3454
707;3789
901;2802
2601;3312
3806;1783
3576;3647
3807;898
1950;3093
4980;1203
3307;1435
3826;1101
1827;2617
1949;615
2813;2577
3327;3865
2149;1795
4839;2919
3419;2781
612;1973
779;3742
1397;4982
4504;4147
2949;3576
4689;1316
3229;2692
4188;2915
4996;1789
2170;3935
2202;1088
4169;640
4170;2571
1130;2778
3605;4287
4217;2505
4180;1961
4802;3822
2280;1380
4926;2324
1509;2599
1795;3657
1620;719
2640;1695
2419;3556
4791;511
3860;1496
1787;2832
2009;2881
165;2346
1201;1196
4828;3678
2334;551
1022;4187
2026;3928
4151;2498
119;784
1407;4862
1596;2053
3885;3025
3133;4228
848;1702
4356;3685
4354;2699
2539;2866
4612;1062
2996;1749
4196;1823
2489;4461
2501;637
387;1414
4582;2122
3624;723
51;2534
2271;2396
3922;2550
2817;3725
2239;473
4206;3878
4463;4981
2400;1680
3508;3813
245;4594
175;508
4216;2837
4956;892
4042;2881
4158;3625
4094;1956
4148;1407
124;920
4710;2778
903;1032
3204;3316
3278;2320
3813;1877
1101;1390
1271;1153
1742;2027
3865;1705
3028;3802
922;1380
1821;2305
1947;900
3550;3674
1267;2094
3013;3699
4976;2409
1476;2070
2579;2097
4404;2484
1552;64
2643;3828
4312;4926
1821;983
4508;3532
729;2388
3877;415
536;271
3313;2596
4223;2840
2652;3346
11;990
1338;627
1450;4268
1062;926
696;2130
1646;1794
4320;3310
1950;2307
746;492
1327;2625
1348;4525
1399;2166
2505;842
3556;4660
4208;4982
2124;2405
750;4777
2968;2233
2308;4486
769;4267
2529;1547
204;798
3606;1311
4458;365
1391;1897
3783;4329
4245;1787
47;3000
2647;3291
1991;127
595;2500
4896;558
1608;1378
4260;3763
1412;2277
3396;1929
392;3045
774;262
3704;1608
2765;4550
4011;2056
2104;2710
2116;3378
4916;1996
3815;1022
359;567
2349;2834
905;1055
387;864
2308;1896
1355;923
1843;3867
70;13
896;925
1514;2520
3853;631
2835;1777
4875;4514
3591;3396
942;1000
2880;1790
4257;3674
4496;1152
171;4272
1681;1907
1021;1403
4838;1874
1767;1004
3300;3214
1953;77
2150;4429
3027;978
185;370
2478;859
4726;4221
2783;745
4914;3947
2613;2214
33;843
4283;979
4568;751
1773;813
547;3837
3849;739
1638;2816
4898;1974
3931;782
3989;2101
2519;4932
2273;1647
3720;3005
2859;3767
2423;2599
182;909
4030;1287
4001;4329
3500;873
261;3018
4184;1914
1062;3632
4787;835
4086;1471
4565;3539
1695;4270
1054;229
1407;137
4487;1990
1742;3883
1690;210
3425;1221
951;3055
1833;3510
1134;4527
2289;1583
2263;1519
1693;4832
1354;2204
3708;2993
1019;3122
3740;2976
2794;4928
812;2972
1140;4917
1107;3417
3892;3437
4746;1585
800;3302
15;817
37;465
874;836
4085;57
1966;1331
1445;4972
4473;1263
1209;141
394;270
2883;2439
4788;2278
767;1421
3635;4052
2864;3392
869;4920
4314;3637
3417;2088
3525;1253
581;932
1310;3132
896;1895
3850;2780
670;61
3125;51
2621;2409
2172;3346
2617;2322
4065;4245
4638;3576
24;3425
4337;3846
2905;1343
2317;4098
2971;3898
2873;2388
2525;4037
4194;31
4124;3250
3547;4923
1611;3067
2194;2298
4644;867
3984;4685
2444;966
4929;3260
3098;2829
1650;1433
4682;23
3605;4256
4605;2819
4366;1815
1092;731
1551;2089
1379;857
4909;1448
3644;542
1530;1416
552;637
3602;3317
740;2163
2398;232
353;381
2898;2118
3744;4805
4328;4300
2536;1278
4104;428
2010;2374
3559;2980
531;410
533;288
2267;4469
2242;615
3336;377
2820;3843
4141;1005
2031;978
43;4544
842;4430
2069;3842
4436;3400
3477;1841
3033;1618
4969;1394
963;712
1691;2285
1558;2342
2406;2727
1653;1401
757;2701
3231;922
329;3231
3636;3654
3648;1716
669;1594
1226;2087
57;1989
2395;889
1882;2815
2347;11
3920;677
3033;2969
2558;4565
2400;1211
2103;1927
2308;3762
1591;255
2213;1405
3649;4481
774;1072
69;4135
2529;617
3888;4921
1027;3938
2089;2095
1964;3068
2849;1058
502;3141
2613;678
163;2260
4466;2738
3937;283
4580;100
770;1686
1444;1408
4854;624
4938;3453
2695;1305
1681;1908
3075;3386
1117;2386
2001;21
1169;3524
913;4412
3039;1664
4350;1153
3938;2642
2804;2677
1157;975
3054;1637
4749;3774
3411;4755
2744;891
1878;3417
4082;63
563;1318
2026;4765
3178;1175
3632;4324
2433;3981
4216;1581
144;4910
409;2617
4262;865
806;1646
1014;31
4840;4432
1508;558
4918;2030
3125;4449
4251;1216
2178;2822
3978;2642
746;3082
3257;541
933;2309
3178;4750
580;3376
4874;2782
4247;483
1531;4277
1514;499
1596;783
3793;3597
1506;4273
696;396
3644;3886
2820;2603
422;3557
1475;2186
4255;294
4799;2938
2328;1738
1062;2249
3502;1152
2366;1676
1083;4336
225;2133
323;4651
798;481
2601;2177
3474;4963
2832;1
2805;737
24;1555
1826;2344
2254;1560
2926;4816
4217;2428
873;3680
1632;3337
2122;3258
194;1716
2578;3648
3041;134
4819;3757
2347;2769
2465;3378
4963;955
1027;3578
4337;1611
1851;295
1391;1935
2023;3527
1791;2147
1683;669
4779;4903
4634;2813
3260;2868
3055;702
174;2248
654;3003
1090;3719
4704;2929
155;252
1299;1192
4248;2410
4314;1083
3223;627
4153;68
800;3345
4427;4586
1631;295
3339;4300
1658;1510
1603;3957
185;3173
3430;2325
3991;1296
2692;4229
1315;1233
3491;4777
2079;3384
4072;290
3446;2499
4971;4514
1068;3661
905;4899
342;2584
3855;3002
1188;628
3038;3855
1960;4668
2713;1141
4387;1376
3730;3388
807;912
3685;2481
2829;3177
2167;1654
876;2043
4623;4071
4659;3196
926;1462
1938;87
4549;3448
4979;135
2819;1680
3037;4870
4613;3092
2668;4410
2438;4751
832;4539
1258;1803
824;2141
1073;4419
4495;885
1833;2653
103;2762
895;2994
1777;1324
1037;990
1541;2245
1948;1597
4430;3526
151;2478
985;2657
3921;3881
1004;2164
2339;2946
3686;1332
3572;190
3423;1856
4323;4560
4173;962
3377;2035
2267;2371
4975;4788
4135;4910
4672;4786
617;1925
4629;3417
747;2873
121;4870
4289;3681
2713;534
1580;3593
3666;2178
3602;4704
1808;680
1147;2194
175;4825
2973;479
3215;1998
2619;4688
2817;1395
2768;3692
726;1876
2359;930
2636;975
4287;2946
983;3854
3368;4988
1966;4029
3883;2049
3984;1806
332;1922
1689;2746
2978;4857
2463;4827
4013;4071
4349;1265
2315;1316
4125;2816
2080;1813
2248;667
3066;3101
3991;1480
1367;646
3276;2001
3644;1043
1355;396
456;2868
1163;3723
1703;3944
2934;4405
3758;1334
2716;3779
1947;3884
1223;716
3389;1412
4574;617
3272;2080
591;3655
4812;4636
1908;3914
873;159
1087;2650
1559;4472
1809;292
2870;1264
220;4065
675;1361
3418;3484
4647;4271
2207;3779
2256;696
371;4989
3607;2871
2104;4234
3281;3031
3919;502
614;4654
1725;1373
1465;2508
3028;2914
387;1214
2644;4880
3650;2922
2923;741
3813;4533
3181;2272
3261;389
3179;527
2108;1301
113;560
2271;3628
3605;3636
28;2627
3976;3578
2386;4114
3702;4098
221;3059
2589;577
4012;1033
4309;19
779;1460
3142;3879
2305;3336
1137;2195
4535;2304
2256;2981
4810;2374
4378;4768
1741;3782
3417;4785
1297;4742
3026;3257
794;4410
103;3465
399;946
3027;187
1561;327
2922;2543
2004;1766
4715;72
4300;2670
1084;3325
1754;121
3074;223
4365;870
3512;148
1439;3870
3692;4786
2919;3340
3780;4381
4461;2103
4121;3922
2775;2307
1412;146
2970;3149
2405;890
3783;1536
3322;919
3596;4105
4134;4290
2017;526
4443;4907
1762;829
2487;3048
1469;4778
4362;1349
4620;4513
991;3897
3985;1602
2978;283
1312;3934
2075;2767
3702;3856
590;4174
4351;976
2731;2532
286;754
3366;296
428;4997
3390;1898
124;3983
3001;3779
4069;2297
2352;647
3074;2732
1552;1396
3496;3632
1352;1709
2209;4604
171;4924
2718;1524
3038;3331
2456;4812
424;169
4740;1706
2745;1803
1135;1573
648;3157
4019;4628
2450;3507
2292;2451
4802;3018
2750;2638
3790;448
1228;1646
3226;3640
2146;1483
3450;1719
767;2596
4872;1488
1937;3729
1971;117
2140;2925
3784;4008
2036;1148
4828;4824
4720;2021
1367;497
4444;676
1058;2043
2226;982
3887;4351
3104;3991
1063;4948
2628;2315
372;1432
2408;2318
4677;4450
686;3473
3785;231
474;1938
1712;4136
2269;3094
3099;3029
3911;1093
1749;4558
3869;951
3000;3525
813;808
4630;1087
2577;4376
1620;3997
619;2058
3242;3080
2303;3865
33;3778
2141;584
236;646
2438;3038
3637;3528
1445;4773
2583;4552
